<?xml version="1.0" encoding="UTF-8" standalone="yes" ?>
<addon id="repository.fireonapp" name="fireonapp Repo" version="0.0.1" provider-name="fireon">
        <extension point="xbmc.addon.repository" name="fireonapp fingertip Repo"> 
                <info compressed="false">https://raw.githubusercontent.com/onfireapp/fireonapp/master/addons.xml</info>
                <checksum>https://raw.githubusercontent.com/onfireapp/fireonapp/master/addons.xml.md5</checksum>
                <datadir zip="true">https://raw.githubusercontent.com/onfireapp/fireonapp/master/repo</datadir>
				<hashes>true</hashes>
        </extension>
        <extension point="xbmc.addon.metadata">
                <summary>fireonapp</summary>
                <description>fireonapp</description>
                <disclaimer>fireonapp</disclaimer>
                <platform>all</platform>
                <website></website>
        </extension>   
</addon>
